[
    {
        "Franchisce":"servicemaster services",
        "Brand" :"furnituremedic",
        "division":"furniture restoration",
        "Forecastdata":"2020-03-01T00:00:00Z",
        "p10":-0.984102395,
        "p50":-0.502569117,
        "p90":0.333569091
    },
    {
        "Franchisce":"servicemaster restoration services by ideal group",
        "Brand" :"furnituremedic",
        "division":"furniture restoration",
        "Forecastdata":"2020-05-01T00:00:00Z",
        "p10":-0.809450916,
        "p50":-0.480048044,
        "p90":-0.226242259
    },

    {
        "Franchisce":"servicemaster services",
        "Brand":"furnituremedic",
        "division":"furniture restoration",
        "Forecastdata":"2020-04-01T00:00:00Z",
        "p10":-1.134915125,
        "p50":-0.437619822,
        "p90":0.149414923
    },
    
    {
        "Franchisce":"servicemaster services",
        "Brand":"furnituremedic",
        "division":"furniture restoration",
        "Forecastdata":"2020-06-01T00:00:00Z",
        "p10":-0.136915657,
        "p50":0.597550452,
        "p90":1.315286219
    },
    {
        "Franchisce":"furniture medic by bill leahy",
        "Brand":"furnituremedic",
        "division":"furniture restoration",
        "Forecastdata":"2020-03-01T00:00:00Z",
        "p10":-1.009483539,
        "p50":-0.679034477,
        "p90":-0.334997424
    },
    {
        "Franchisce":"servicemaster restoration services by ideal group",
        "Brand" :"furnituremedic",
        "division":"furniture restoration",
        "Forecastdata":"2020-05-01T00:00:00Z",
        "p10":-0.809450916,
        "p50":-0.480048044,
        "p90":-0.226242259
    },
  
    {
        "Franchisce":"furniture medic by bill leahy",
        "Brand" :"furnituremedic",
        "division":"furniture restoration",
        "Forecastdata":"2020-05-01T00:00:00Z",
        "p10":-0.679076399,
        "p50":-0.264951755,
        "p90":0.109423177
    },
    {
        "Franchisce":"servicemaster restoration services by ideal group",
        "Brand":"furnituremedic",
        "division" :"furniture restoration",
        "Forecastdata":"2020-03-01T00:00:00Z",
        "p10":-0.55256776,
        "p50":-0.244554784,
        "p90":0.048195424
    },
    {
        "Franchisce":"servicemaster services",
        "Brand":"furnituremedic",
        "division":"furniture restoration",
        "Forecastdata":"2020-05-01T00:00:00Z",
        "p10":-1.438416327,
        "p50":-0.801829991,
        "p90":-0.019438491
    },
    {
        "Franchisce":"servicemaster restoration services by ideal group",
        "Brand":"furnituremedic",
        "division":"furniture restoration",
        "Forecastdata":"2020-04-01T00:00:00Z",
        "p10":-0.562498531,
        "p50":-0.334708338,
        "p90":-0.020938478
    },
   
    
    {
        "Franchisce":"servicemaster restoration services by ideal group",
        "Brand":"furnituremedic",
        "division":"furniture restoration",
        "Forecastdata":"2020-05-01T00:00:00Z",
        "p10":-0.809450916,
        "p50":-0.480048044,
        "p90":-0.226242259
    },
    {
        "Franchisce":"furniture medic by bill leahy",
        "Brand":"furnituremedic",
        "division":"furniture restoration",
        "Forecastdata":"2020-04-01T00:00:00Z",
        "p10":-0.831189117,
        "p50":-0.526871173,
        "p90":-0.12849405
    },
    {
        "Franchisce":"servicemaster restoration services by ideal group",
        "Brand":"furnituremedic",
        "division":"furniture restoration",
        "Forecastdata":"2020-05-01T00:00:00Z",
        "p10":-0.809450916,
        "p50":-0.480048044,
        "p90":-0.226242259
    }







]